
INSERT INTO SPLIT_GROUP (ID, CREATED_BY, GROUP_NAME)
VALUES (1, 'USER1', 'GROUP1');

INSERT INTO SPLIT_GROUP (ID, CREATED_BY, GROUP_NAME)
VALUES (2, 'USER3', 'GROUP2');


INSERT INTO SPLIT_USER (ID, USER_NAME)
VALUES (1, 'USER1');

INSERT INTO SPLIT_USER (ID, USER_NAME)
VALUES (2, 'USER2');

INSERT INTO SPLIT_USER (ID, USER_NAME)
VALUES (3, 'USER3');

INSERT INTO SPLIT_USER (ID, USER_NAME)
VALUES (4, 'USER4');

INSERT INTO SPLIT_USER (ID, USER_NAME)
VALUES (5, 'USER5');

INSERT INTO SPLIT_USER (ID, USER_NAME)
VALUES (6, 'USER6');


INSERT INTO SPLIT_USER_GROUP (GROUP_ID, USER_ID)
VALUES (1,1);

INSERT INTO SPLIT_USER_GROUP (GROUP_ID, USER_ID)
VALUES (1,2);

INSERT INTO SPLIT_USER_GROUP (GROUP_ID, USER_ID)
VALUES (1,3);

INSERT INTO SPLIT_USER_GROUP (GROUP_ID, USER_ID)
VALUES (2,4);

INSERT INTO SPLIT_USER_GROUP (GROUP_ID, USER_ID)
VALUES (2,5);

INSERT INTO SPLIT_USER_GROUP (GROUP_ID, USER_ID)
VALUES (2,6);

--INSERT INTO SPLIT_TRANSACTION (ID, AMOUNT, SPLIT_TYPE, GROUP_ID, USER_ID)
--VALUES (1, 100,'equal',1, 1);
--
--INSERT INTO SPLIT_TRANSACTION (ID, AMOUNT, SPLIT_TYPE, GROUP_ID, USER_ID)
--VALUES (2, 100,'equal',1, 2);
--
--INSERT INTO SPLIT_TRANSACTION (ID, AMOUNT, SPLIT_TYPE, GROUP_ID, USER_ID)
--VALUES (3, 100,'equal',1, 3);
--
--INSERT INTO SPLIT_TRANSACTION (ID, AMOUNT, SPLIT_TYPE, GROUP_ID, USER_ID)
--VALUES (4, 100,'equal',2, 4);
--
--INSERT INTO SPLIT_TRANSACTION (ID, AMOUNT, SPLIT_TYPE, GROUP_ID, USER_ID)
--VALUES (5, 100,'equal',2, 5);
--
--INSERT INTO SPLIT_TRANSACTION (ID, AMOUNT, SPLIT_TYPE, GROUP_ID, USER_ID)
--VALUES (6, 100,'equal',2, 6);
--
--INSERT INTO SPLIT_TRANSACTION_ITEM (BILL_ID, AMOUNT, USER_ID)
--VALUES (1, 100, 1);
--
--INSERT INTO SPLIT_TRANSACTION_ITEM (BILL_ID, AMOUNT, USER_ID)
--VALUES (1, 100, 2);
--
--INSERT INTO SPLIT_TRANSACTION_ITEM (BILL_ID, AMOUNT, USER_ID)
--VALUES (1, 100, 3);
--
--INSERT INTO SPLIT_TRANSACTION_ITEM (BILL_ID, AMOUNT, USER_ID)
--VALUES (1, 100, 4);
--
--INSERT INTO SPLIT_TRANSACTION_ITEM (BILL_ID, AMOUNT, USER_ID)
--VALUES (1, 100, 5);
--
--INSERT INTO SPLIT_TRANSACTION_ITEM (BILL_ID, AMOUNT, USER_ID)
--VALUES (1, 100, 6);